,0,1,2,3,4,5,6,7,8,9,10,11,12,13,14,15,16,17,18,19,20,21,22,23,24,25,26,27,28,29,30,31,32,33,34,35,36,37,38,39,40,41,42,43,44,45,46,47,48,49,50,51,52,53,54,55,56,57,58,59,60,61,62,63,64,65,66,67,68,69,70,71,72,73,74,75,76,77,78,79,80,81,82,83,84,85,86,87,88,89,90,91,92,93,94,95,96,97,98,99,100,101,102,103,104,105,106,107,108,109,110,111,112,113,114,115,116,117,118,119,120,121,122,123,124,125,126,127,128,129
0,CF003 - Active - Day - (214).wav,0,"[8.3725184e-04 2.4411049e-04 1.1266036e-05 ... 1.1867199e-04 2.8486914e-04
 1.8639065e-03]",[0.00020202 0.00085815 0.00034312 ... 0.00146733 0.00192116 0.00164897],[0.00024827 0.00227769 0.00182935 ... 0.0024325  0.00249    0.00054461],[0.00142808 0.00160862 0.00139383 ... 0.00084098 0.00054786 0.00046452],"[1.0253123e-03 2.0824379e-04 2.1161891e-04 ... 1.5676451e-04 4.4745841e-05
 1.1171838e-04]","[2.6525062e-04 7.0853530e-05 3.3902248e-05 ... 2.9470577e-04 7.0170900e-05
 9.9227887e-05]","[2.8107487e-04 9.7196877e-05 4.6286754e-05 ... 5.3617981e-04 1.7578791e-04
 5.4996144e-05]","[1.3562947e-04 9.1129717e-05 3.9342787e-05 ... 1.5109203e-04 5.5299457e-05
 3.3744891e-05]","[1.0975691e-05 2.5053194e-05 7.9572390e-05 ... 3.9038430e-05 2.4844421e-05
 1.4486849e-04]","[1.5222780e-05 4.5667526e-05 2.1796867e-04 ... 1.3745630e-04 2.0738794e-04
 3.5613531e-04]","[6.2969266e-05 4.5716576e-04 1.0929008e-03 ... 4.7938593e-05 3.7064732e-05
 1.1280184e-04]","[2.1166230e-05 1.1467031e-03 1.8704332e-03 ... 3.8092523e-05 3.6408877e-05
 3.2571723e-05]","[2.9832442e-04 1.2668923e-03 1.2945577e-03 ... 5.4199041e-05 1.1800626e-04
 5.2897267e-06]",[0.00024379 0.0003827  0.00058645 ... 0.00012046 0.00024976 0.00011061],"[2.3830220e-05 4.2477492e-05 7.8362267e-05 ... 9.5815398e-05 1.3107693e-04
 6.2127999e-04]","[4.7811685e-05 2.2831226e-05 4.0311497e-05 ... 1.8391813e-05 1.2379329e-04
 3.2962390e-04]","[1.3926244e-04 1.8102171e-05 1.8801780e-05 ... 3.3200893e-05 5.7233672e-05
 2.0296671e-05]","[1.1486320e-04 5.3179894e-05 2.1813496e-05 ... 5.4994642e-05 5.2033374e-05
 1.3353096e-05]","[3.0447838e-05 4.3478638e-05 7.8404883e-06 ... 3.0004176e-05 5.7676978e-05
 1.5362530e-05]","[7.2784052e-05 5.2077794e-05 6.3937696e-05 ... 1.3330049e-05 1.0427664e-04
 1.0545043e-04]","[3.82662729e-05 1.14989845e-04 2.15074600e-04 ... 4.37836679e-05
 6.44713509e-05 1.86597055e-04]","[1.32191359e-04 6.60928345e-05 2.60691275e-04 ... 5.19589739e-05
 3.25123219e-05 1.11770336e-04]","[6.22180523e-05 1.78987553e-04 1.15482071e-04 ... 1.03133265e-04
 4.08232518e-05 7.60719049e-05]","[3.0244255e-05 1.2896844e-04 7.7097517e-05 ... 9.3971030e-05 4.4738423e-05
 4.7011014e-05]","[8.8489869e-06 2.6520955e-05 1.4069330e-04 ... 4.7589841e-05 2.7214643e-05
 6.8891741e-06]","[5.9612676e-06 3.0339610e-05 2.1830745e-04 ... 4.4479344e-05 1.7181748e-05
 5.2331270e-06]","[8.5070191e-05 1.3727149e-04 3.4188348e-04 ... 5.0485291e-05 1.8640028e-05
 1.2576772e-05]","[1.19410077e-04 1.18826676e-04 2.62150570e-04 ... 1.15108945e-04
 4.66628735e-05 5.63784160e-05]","[6.8838359e-05 1.5121701e-04 2.0511574e-04 ... 1.9546962e-04 1.0411803e-04
 1.8061587e-04]","[1.0595218e-04 6.9397967e-05 1.3460728e-04 ... 7.4950920e-05 2.6472153e-05
 1.0393362e-04]","[2.9633584e-05 1.5215979e-05 4.2215190e-05 ... 2.9280540e-05 4.5248012e-06
 1.2785962e-05]","[1.7323535e-05 2.9554074e-05 1.3542533e-04 ... 9.3521394e-06 3.0424587e-06
 4.1523876e-07]","[1.7129623e-05 3.9779108e-05 1.4770571e-04 ... 2.6686105e-06 1.0098250e-06
 3.7754088e-08]","[4.4442868e-06 2.9341380e-05 1.3389891e-04 ... 6.5243885e-06 6.0987054e-06
 9.4167135e-06]","[2.1216645e-05 3.7125024e-05 7.6590557e-05 ... 2.0961048e-05 3.8390463e-05
 1.2471394e-04]","[2.2556875e-05 5.7067909e-06 2.3226097e-05 ... 2.2787472e-05 8.1809252e-05
 1.4449215e-04]","[2.3493558e-06 3.6570368e-06 2.2896709e-05 ... 1.6976623e-05 3.5317807e-05
 8.9715031e-06]","[3.0212323e-07 4.6354808e-06 1.0438636e-05 ... 2.8404755e-05 3.0011310e-05
 3.5561013e-06]","[8.2087161e-07 8.9313980e-06 8.0688451e-06 ... 3.9369545e-05 2.4705223e-05
 8.9911305e-07]","[6.2089393e-06 8.9030682e-06 7.2021544e-06 ... 1.8794713e-05 1.0749003e-05
 7.8581610e-07]","[2.0253899e-05 2.0417108e-05 1.5402153e-05 ... 5.4765674e-06 6.5358136e-06
 2.6902737e-06]","[2.4753113e-05 1.3165401e-05 1.8932587e-05 ... 2.3323708e-05 1.0475879e-05
 1.0166101e-05]","[2.2059176e-05 1.5146574e-05 6.2900281e-06 ... 1.4949913e-05 8.0052478e-06
 1.8526378e-05]","[3.2149362e-06 8.2599281e-06 6.4885035e-06 ... 4.8509974e-06 2.1338705e-05
 1.3362692e-05]","[7.0644173e-06 6.3061470e-06 2.9047800e-05 ... 1.9789488e-05 3.4683020e-05
 3.3032629e-05]","[4.8673273e-06 1.3199539e-05 4.3241660e-05 ... 1.5822425e-05 9.2785140e-06
 1.3584747e-05]","[3.00197553e-06 1.07444575e-05 1.40308948e-05 ... 1.29204891e-05
 5.95562278e-06 3.34545689e-06]","[2.8781809e-05 1.0138642e-05 6.3140424e-06 ... 5.4694178e-06 1.4952805e-06
 4.1851522e-06]","[6.3929925e-05 2.3853549e-05 1.1973858e-05 ... 4.9084579e-06 3.4683010e-06
 5.5449364e-06]","[2.7024191e-05 1.2479368e-05 3.4465227e-06 ... 1.6882661e-05 6.8133991e-06
 1.8146723e-06]","[4.3984269e-06 1.6357755e-05 5.9125882e-06 ... 7.9963793e-06 1.0577593e-05
 2.6889568e-06]","[7.9577865e-07 9.2939381e-06 9.8567343e-06 ... 7.6293422e-06 2.5218660e-06
 4.1564963e-06]","[3.9929301e-07 2.9263888e-06 4.3621344e-06 ... 5.1494180e-06 1.6445548e-06
 2.5350123e-06]","[6.96627058e-06 1.76566155e-05 9.05148045e-06 ... 1.81661762e-05
 6.52232393e-06 1.46848415e-05]","[1.7068443e-05 1.6328615e-05 5.8919195e-06 ... 5.8863548e-06 1.9959812e-06
 7.3704100e-06]","[2.3184932e-06 4.4932044e-06 7.7091699e-06 ... 1.6952109e-06 3.1801608e-06
 7.9334050e-06]","[6.1416381e-07 5.2396581e-06 1.5141841e-05 ... 2.7018664e-06 6.1043429e-06
 7.3866213e-06]","[7.5529795e-07 3.2423332e-06 1.0392692e-05 ... 3.5351220e-06 1.5153429e-05
 1.3567609e-05]","[1.9111194e-06 3.7032746e-06 1.5436459e-05 ... 1.9540323e-06 3.2679779e-06
 5.8672390e-06]","[4.1202429e-06 1.0770297e-05 2.5751520e-05 ... 3.6346728e-06 2.2669174e-06
 6.4986857e-06]","[3.6211186e-06 4.4244416e-06 3.8190883e-06 ... 3.4544496e-06 1.1479458e-06
 1.7445102e-06]","[3.4775119e-06 4.9017622e-06 2.7206181e-06 ... 2.7610145e-06 5.1596612e-06
 3.2776795e-06]","[6.0459324e-06 1.8578942e-06 2.7268857e-06 ... 3.2232356e-06 3.7817865e-06
 3.5479213e-06]","[1.44304595e-05 9.14921657e-06 4.51625056e-06 ... 2.79840992e-06
 4.60578440e-06 1.43979887e-05]","[1.2226827e-05 1.7877912e-05 1.5627083e-05 ... 8.8366858e-07 1.5512683e-06
 2.3604946e-06]","[1.3799245e-05 8.4536723e-06 1.9966206e-05 ... 2.1607007e-06 7.2680668e-06
 3.5191395e-06]","[1.1192438e-05 1.1488046e-05 2.3879380e-05 ... 9.2971732e-06 1.0775456e-05
 2.9433568e-06]","[9.6503672e-06 8.4646808e-06 4.8172715e-06 ... 6.6258772e-06 5.8119676e-06
 1.1268951e-06]","[8.3358589e-07 3.9254942e-06 2.7319602e-06 ... 1.0370982e-06 1.8267458e-06
 1.5587399e-06]","[9.8070614e-06 9.6584536e-06 4.3306463e-06 ... 1.6993439e-06 1.5523930e-06
 3.9302736e-07]","[5.8316109e-06 2.7033518e-06 6.7470801e-06 ... 5.4520142e-06 4.2572024e-06
 3.3604922e-06]","[1.9760017e-05 1.4946074e-05 5.1777793e-06 ... 5.4505235e-06 5.3033846e-06
 6.2172235e-06]","[1.4577934e-05 1.6679478e-05 5.9542322e-06 ... 2.9360572e-06 4.1353369e-06
 3.2528617e-06]","[2.3017767e-06 3.3574770e-06 4.7113954e-06 ... 6.9734881e-07 1.5389265e-06
 1.9539175e-06]","[2.0765187e-06 1.9813467e-06 4.2560973e-06 ... 8.5483691e-07 1.2187759e-06
 5.1529469e-07]","[7.9613955e-07 2.7983854e-06 4.3961036e-06 ... 1.5282279e-06 2.7248368e-06
 3.0642232e-06]","[1.1759814e-06 7.4834443e-06 1.0691593e-05 ... 1.0573896e-06 2.6864302e-06
 5.9584040e-06]","[6.4559299e-06 3.8893013e-06 4.1539829e-06 ... 1.0280276e-06 1.4921775e-06
 8.0398991e-07]","[3.3092156e-06 1.2881908e-06 1.7224031e-06 ... 3.1797383e-06 1.0763737e-06
 1.6061853e-06]","[2.0103312e-07 1.8231239e-06 1.8026444e-06 ... 1.8825922e-06 1.5402134e-06
 1.0997750e-06]","[7.1271620e-07 3.6954948e-06 4.7564072e-06 ... 2.3977686e-06 2.2077418e-06
 4.0360737e-06]","[1.3685742e-06 2.5308668e-06 6.0268967e-06 ... 4.8224078e-06 2.2195161e-06
 2.0192306e-06]","[4.5731913e-06 2.4917870e-06 1.6112542e-06 ... 9.6721453e-07 8.2747863e-07
 9.0502283e-07]","[5.2305700e-06 3.2751611e-06 3.7252344e-06 ... 1.2147378e-06 1.4682523e-06
 1.6246772e-06]","[3.3873173e-06 1.4953300e-06 1.2296015e-06 ... 7.0505376e-07 9.9504905e-07
 2.5912182e-06]","[2.1801818e-06 1.6904357e-06 1.2664404e-06 ... 1.8997827e-06 2.2556262e-06
 5.3912063e-06]","[2.1101721e-06 1.7759455e-06 3.6078272e-06 ... 1.9820084e-06 2.6028126e-06
 3.3903486e-06]","[3.7684858e-06 5.9255353e-06 2.7682454e-06 ... 4.1908606e-06 1.9433321e-06
 1.6615776e-06]","[1.7701512e-06 2.2272159e-06 1.8627160e-06 ... 4.5354254e-06 3.0871574e-06
 6.4894048e-06]","[1.1568486e-06 1.0052332e-06 2.0511097e-06 ... 2.2393538e-06 2.7794911e-06
 5.9198942e-06]","[5.4649615e-07 1.7359978e-06 1.6482943e-06 ... 2.9371554e-06 1.4887694e-06
 3.2587559e-06]","[1.4942484e-07 1.7780141e-06 1.5048179e-06 ... 1.3128496e-06 2.7257679e-06
 1.5067181e-06]","[6.3576027e-07 7.1866566e-07 8.6302748e-07 ... 1.3731310e-06 3.7334371e-06
 6.4165879e-06]","[1.1135447e-06 1.2421627e-06 5.7442605e-07 ... 1.2180477e-06 1.5633326e-06
 2.1325466e-06]","[1.5322262e-06 2.1968574e-06 4.2389919e-07 ... 1.2795416e-06 2.8109644e-06
 4.4308358e-06]","[8.0981664e-07 6.0011882e-07 5.7894357e-07 ... 8.7227789e-07 1.7315178e-06
 1.9347046e-06]","[1.1832640e-06 1.6848055e-06 1.6296331e-06 ... 1.2823292e-06 9.6432541e-07
 7.6982116e-07]","[1.2807880e-06 1.8477772e-06 8.7690785e-07 ... 7.8098259e-07 1.1926331e-06
 7.0798075e-07]","[2.5459794e-06 1.3009326e-06 1.6926285e-06 ... 1.9003711e-06 1.5012155e-06
 6.7379938e-07]","[3.9709184e-06 2.0961702e-06 1.9912238e-06 ... 1.0902949e-06 1.8263016e-06
 1.3283994e-06]","[1.2003973e-06 1.0089783e-06 9.3727635e-07 ... 9.2798371e-07 1.1534526e-06
 1.3570268e-06]","[9.4317073e-07 9.2133558e-07 1.3741619e-06 ... 2.1841465e-06 1.4417443e-06
 1.1080366e-06]","[2.2342658e-06 2.3886776e-06 2.1103403e-06 ... 2.0325242e-06 1.1130791e-06
 9.3921062e-07]","[4.3454628e-07 8.2514532e-07 8.8357865e-07 ... 1.3979661e-06 1.1074621e-06
 1.0864378e-06]","[2.5081627e-07 6.4272643e-07 1.3572811e-06 ... 2.4346450e-06 1.3084288e-06
 5.1095464e-07]","[1.8239496e-06 9.0744874e-07 1.2256608e-06 ... 1.3557717e-06 8.3744828e-07
 5.5837188e-07]","[1.5168542e-06 7.0746114e-07 8.0169025e-07 ... 1.1933181e-06 1.5017339e-06
 9.1854702e-07]","[1.4395400e-06 9.9703379e-07 1.4873573e-06 ... 1.7767680e-06 1.2487061e-06
 7.2501223e-07]","[5.5595092e-07 1.0565277e-06 1.3367519e-06 ... 8.4047309e-07 9.7095312e-07
 6.8711375e-07]","[1.6473418e-06 1.0944278e-06 1.3237850e-06 ... 1.0117807e-06 1.1879076e-06
 1.5821679e-06]","[1.4047964e-06 7.2421074e-07 1.3495221e-06 ... 1.5786848e-06 2.7862691e-06
 3.0129888e-06]","[4.8057507e-07 4.4296405e-07 7.8296426e-07 ... 6.9275723e-07 1.3087537e-06
 1.2760369e-06]","[5.6811882e-07 4.6030820e-07 1.1210957e-06 ... 6.0210454e-07 3.1329608e-07
 2.4332942e-07]","[8.1872815e-07 1.0392039e-06 7.4889533e-07 ... 1.3528922e-06 5.7724981e-07
 6.1993279e-07]","[3.4114174e-07 1.0042545e-06 1.1989116e-06 ... 1.7442959e-06 1.2122897e-06
 1.3455214e-06]","[5.6573185e-07 7.4317097e-07 9.1637349e-07 ... 1.0444807e-06 6.6668952e-07
 9.5727785e-07]","[1.6811937e-06 7.9907267e-07 8.4219676e-07 ... 9.0882975e-07 1.1452835e-06
 1.3423514e-06]","[8.6844557e-07 7.2424115e-07 1.1383743e-06 ... 1.0807559e-06 1.3335681e-06
 1.4128377e-06]","[7.1876116e-07 8.6500853e-07 1.5949925e-06 ... 1.2291223e-06 1.0022510e-06
 1.2320330e-06]","[1.0526027e-06 1.3286558e-06 1.1595565e-06 ... 1.0874650e-06 8.9634369e-07
 1.1260923e-06]","[1.1032100e-06 1.1180044e-06 1.2956673e-06 ... 1.0516911e-06 9.5397650e-07
 7.2821808e-07]","[1.2878776e-06 1.2942191e-06 1.2452575e-06 ... 1.0720289e-06 7.2005844e-07
 4.4693155e-07]","[6.9036156e-07 1.1767842e-06 1.3521479e-06 ... 1.2695197e-06 1.2470312e-06
 1.5087016e-06]","[5.3683857e-07 6.4701470e-07 1.2752039e-06 ... 7.5486395e-07 8.3367536e-07
 1.4555089e-06]","[5.6711627e-07 4.2575644e-07 6.6396802e-07 ... 5.9369637e-07 9.2304350e-07
 1.4209307e-06]","[5.6273603e-07 4.6878324e-07 1.0534042e-06 ... 6.7235061e-07 6.8081852e-07
 1.1476116e-06]","[3.5474000e-07 2.4230479e-07 2.4660096e-07 ... 2.3813890e-07 1.9719401e-07
 1.2526620e-07]","[1.8424728e-07 3.8942247e-08 1.0548516e-08 ... 1.2040582e-08 1.0700428e-08
 4.0100128e-09]"
1,CF003 - Active - Day - (214).wav,1,"[3.4505408e-03 6.0477777e-04 1.6538035e-04 ... 1.1561952e-04 3.5645327e-05
 9.9943340e-05]",[0.00341096 0.0038763  0.00147357 ... 0.00025149 0.00036548 0.00019067],[0.00295554 0.00644663 0.00146839 ... 0.00016326 0.0010561  0.00103323],[0.00380931 0.0026371  0.00066462 ... 0.00028922 0.00097011 0.00055018],"[5.9368083e-04 2.6650054e-04 1.2410579e-04 ... 9.1124908e-05 2.7696561e-04
 9.0748399e-05]","[1.95938657e-04 1.89099577e-04 5.00566202e-05 ... 1.33555195e-05
 5.47725176e-05 2.23927577e-06]","[1.8583055e-04 1.0573091e-04 1.1872644e-04 ... 2.6795271e-05 6.5130080e-05
 4.0852563e-05]","[6.36269178e-05 1.12615104e-04 2.12190280e-04 ... 7.24298079e-05
 3.08355156e-05 4.82928990e-05]","[9.7376862e-05 5.5550361e-05 3.0585882e-04 ... 5.1490202e-05 7.0518996e-05
 3.0801559e-05]","[1.7012246e-05 6.3639738e-05 2.0881473e-04 ... 8.8784385e-05 8.7058193e-05
 4.7078393e-05]","[2.3661572e-05 2.7617243e-05 1.0770543e-04 ... 1.7601896e-04 2.7817558e-05
 3.6999672e-06]","[7.4535281e-05 6.3794054e-05 1.0982724e-04 ... 4.3236429e-04 5.3952401e-05
 3.0539610e-05]","[5.9282735e-05 2.0369043e-04 2.4027779e-04 ... 3.3182863e-04 1.4684608e-04
 7.9657169e-05]","[2.6432943e-04 1.6049386e-04 2.0028521e-04 ... 1.2250680e-04 1.5788699e-04
 2.9710882e-05]","[2.6747442e-04 7.0383503e-05 1.8713283e-04 ... 1.0249097e-04 3.6073070e-05
 1.9354726e-05]","[4.0883955e-05 5.7361489e-05 1.3102715e-04 ... 1.4961831e-04 1.1980310e-04
 1.5085400e-04]","[2.2315468e-05 1.0690923e-04 2.9666076e-05 ... 9.3418101e-05 2.0026597e-04
 2.6570912e-04]","[1.1468860e-05 5.1984527e-05 2.4989482e-05 ... 2.4542120e-05 4.8926868e-05
 6.3529988e-05]","[5.2798428e-06 3.4821183e-05 3.0072937e-05 ... 6.3599051e-05 4.4165397e-05
 3.1063057e-05]","[2.7719609e-06 3.6561560e-05 1.3289353e-05 ... 6.4088024e-05 2.5395339e-05
 1.6871028e-05]","[5.4271577e-06 1.5486341e-05 1.6463278e-05 ... 2.1142367e-04 9.4355273e-05
 1.0390299e-05]","[1.7077509e-06 6.0550406e-06 2.6282520e-05 ... 2.5770807e-04 2.4314801e-04
 3.1771891e-05]","[2.37745962e-06 2.53378930e-05 1.34380125e-05 ... 6.06525718e-05
 2.21635404e-04 3.90406203e-05]","[1.0232019e-05 2.3305904e-05 7.6311648e-05 ... 5.7346697e-05 7.4186843e-05
 7.7774661e-05]","[7.0644026e-05 5.6066943e-05 2.3518533e-04 ... 2.7648659e-05 1.8619976e-05
 7.0954724e-05]","[3.8266251e-05 6.9606787e-05 1.5851908e-04 ... 3.4691817e-05 8.1676568e-05
 4.6780464e-05]","[7.2839480e-06 1.6906562e-05 1.0154660e-04 ... 1.7912398e-05 1.3444241e-04
 1.4824569e-04]","[1.1084654e-04 2.4159583e-05 1.6366373e-04 ... 3.5281093e-05 1.7640012e-04
 7.8851772e-05]","[2.0369276e-04 2.0531639e-04 2.5171813e-04 ... 1.0176881e-04 2.0689076e-04
 3.2323798e-05]","[6.16986872e-05 1.31406079e-04 3.83711944e-04 ... 4.57630194e-05
 1.25628416e-04 1.21739344e-04]","[2.0232995e-04 1.6205059e-04 1.6457069e-04 ... 4.8762762e-05 4.1917530e-05
 9.9961304e-05]","[6.5134169e-05 2.9195251e-04 1.0707265e-04 ... 2.3520442e-05 6.4818682e-06
 1.5745018e-05]","[7.61784213e-06 1.25900217e-04 1.70571497e-04 ... 1.85697136e-05
 1.39603908e-05 1.04674655e-05]","[1.6054030e-06 2.8551751e-05 7.1457049e-05 ... 1.1656922e-05 8.9809264e-06
 3.9700448e-05]","[2.0513567e-06 7.0490446e-06 3.0702558e-05 ... 3.3844447e-06 1.8526025e-05
 5.2120729e-05]","[7.5165826e-06 1.5760286e-05 3.3544406e-05 ... 4.8417655e-06 1.3155550e-05
 7.5075168e-06]","[1.5386284e-05 1.5613439e-05 1.5753179e-05 ... 2.4945246e-06 3.7562731e-06
 2.0229888e-06]","[8.2136212e-06 2.3345790e-05 2.6190475e-05 ... 1.1335709e-05 1.0651421e-05
 3.5025323e-06]","[1.1228480e-05 2.4752009e-05 2.9330076e-05 ... 2.1311325e-05 1.3880006e-05
 3.5736850e-06]","[1.4479600e-05 9.8544060e-06 2.7067043e-05 ... 3.1543601e-05 2.4280571e-05
 4.0273571e-06]","[5.9760282e-06 4.1938720e-06 1.2242853e-05 ... 3.4447423e-06 3.4051987e-05
 4.3254815e-05]","[9.0004814e-06 9.3117951e-06 5.6862286e-06 ... 1.1757042e-05 2.7966866e-05
 4.8956859e-05]","[2.2691272e-06 1.9790858e-05 9.6411995e-06 ... 1.2583656e-05 1.9101190e-05
 1.3237931e-05]","[5.5387791e-06 9.4287525e-06 1.2882036e-05 ... 6.5963013e-06 6.9084922e-06
 2.2149536e-05]","[3.0959858e-05 1.3925011e-05 7.4243394e-06 ... 5.9269801e-06 9.5539199e-06
 1.3211607e-05]","[2.4262925e-05 1.0417727e-05 5.0540611e-06 ... 8.4213880e-06 7.2421967e-06
 4.1436397e-06]","[6.6380526e-06 2.0338136e-06 6.3501384e-06 ... 4.9389446e-06 4.8053371e-06
 3.5000776e-06]","[1.5207619e-05 1.5536396e-05 2.2727465e-06 ... 8.5825250e-06 2.0124558e-05
 7.7017385e-06]","[1.0816499e-05 1.8381270e-05 3.9827282e-06 ... 7.3101096e-06 2.1060354e-05
 1.0522792e-05]","[2.1369622e-05 5.5136434e-06 2.1632559e-06 ... 2.5256802e-06 7.9997226e-06
 8.8048782e-06]","[1.0945093e-05 7.3567930e-06 6.0902034e-06 ... 9.3175504e-06 1.5594627e-05
 1.9311505e-05]","[5.74623118e-06 3.60014337e-06 4.94090727e-06 ... 2.26660250e-05
 6.76616128e-06 1.04329265e-05]","[1.2291021e-05 1.0823018e-05 3.0722931e-06 ... 2.5240604e-06 5.2937189e-06
 4.3329583e-06]","[3.97137737e-05 1.05424215e-05 5.07794266e-06 ... 3.78437335e-06
 5.95036636e-06 5.08615312e-06]","[1.1515076e-05 3.9746565e-06 3.1332261e-06 ... 1.9898604e-05 1.3806660e-05
 1.5976519e-05]","[4.1289386e-06 2.1058527e-06 4.7336448e-06 ... 1.2656670e-05 1.2466163e-05
 9.4068591e-06]","[1.9812182e-05 3.6227407e-06 2.7104384e-06 ... 4.9687324e-06 1.1518002e-05
 2.1924381e-05]","[2.21598129e-05 9.74895920e-06 6.40696362e-06 ... 3.68393376e-06
 1.07670185e-05 2.33808350e-05]","[3.0696256e-06 9.7442471e-06 4.5576699e-06 ... 4.0105547e-06 4.9089604e-06
 2.7279279e-06]","[2.3603634e-06 3.1695013e-06 6.0725060e-06 ... 2.0624616e-06 4.7768759e-07
 3.7726031e-07]","[7.8856647e-06 7.8664289e-06 2.8911545e-06 ... 3.1381694e-07 3.7900127e-06
 8.7423741e-06]","[1.7786413e-05 1.0499686e-05 6.2207650e-06 ... 3.6682556e-07 6.3767229e-06
 6.7706192e-06]","[7.9968304e-06 3.3925828e-06 1.7588221e-06 ... 5.0451536e-06 2.3836674e-06
 3.7383581e-06]","[6.10330574e-07 1.84269618e-06 7.01797899e-06 ... 1.01576825e-05
 3.05744720e-06 1.27481758e-06]","[4.0724018e-07 1.7121548e-06 9.0840604e-06 ... 1.8396607e-06 1.7881658e-06
 5.6637589e-07]","[8.5447681e-07 6.6858115e-06 6.9495682e-06 ... 2.3652794e-06 3.8126732e-06
 4.8657507e-06]","[1.0653150e-05 1.1105454e-05 2.9759958e-06 ... 4.0397717e-06 4.2166457e-06
 5.4376451e-06]","[1.1064791e-05 5.3642107e-06 3.6300305e-06 ... 2.3819887e-06 4.2238503e-06
 5.7902744e-06]","[4.9203145e-06 2.8555050e-06 1.2660120e-06 ... 2.9730827e-06 4.8996326e-06
 3.7897692e-06]","[1.0388875e-06 7.7737113e-06 3.1483357e-06 ... 3.9881047e-06 3.9140323e-06
 1.8510258e-06]","[1.3246054e-06 8.7455246e-06 5.1755651e-06 ... 1.7211020e-06 2.3545051e-06
 7.7681188e-06]","[5.4928989e-07 2.7376952e-06 3.9200422e-06 ... 1.2730991e-06 3.6013580e-06
 4.7876729e-06]","[1.6340383e-06 3.2770981e-06 2.2075649e-06 ... 4.7323383e-06 1.4936195e-06
 2.8010922e-07]","[1.2516442e-06 9.4378839e-07 7.8402485e-07 ... 3.8038932e-06 2.4254196e-06
 1.7472406e-06]","[2.3315695e-06 2.1166179e-06 1.0633566e-06 ... 2.1318231e-06 4.0791833e-06
 5.3238459e-06]","[4.2788456e-06 3.1934392e-06 2.5482152e-06 ... 1.8609949e-06 1.8355967e-06
 4.2298493e-06]","[2.8586906e-06 3.4830218e-06 3.7222981e-06 ... 1.5388988e-06 1.6393913e-06
 3.7937261e-06]","[3.8399858e-06 1.9582417e-06 1.6525707e-06 ... 3.0725603e-06 1.4228049e-06
 5.9225968e-06]","[2.7272938e-07 2.6095549e-06 5.4226566e-06 ... 4.3363170e-06 1.7378894e-06
 7.9901292e-06]","[2.5507175e-06 5.0554972e-06 6.7591550e-06 ... 2.9367889e-06 4.1163944e-06
 2.4631947e-06]","[3.5199514e-06 4.4642015e-06 3.4416062e-06 ... 2.9234216e-06 6.3228581e-06
 6.2202157e-06]","[1.1864724e-06 8.5465672e-07 1.3559377e-06 ... 2.5088125e-06 2.2186305e-06
 3.6014242e-06]","[2.8259067e-06 2.0153755e-06 1.3223256e-06 ... 3.3712345e-06 2.7717660e-06
 6.8062518e-06]","[1.7991986e-06 1.7349353e-06 2.1785706e-06 ... 1.9857316e-06 9.1431939e-06
 1.6317072e-05]","[2.1763719e-06 1.1626843e-06 1.8350952e-06 ... 2.0223958e-06 3.6463891e-06
 3.3512076e-06]","[1.2837651e-06 1.4199447e-06 1.5138265e-06 ... 2.7287979e-06 1.6964691e-06
 2.5586126e-06]","[3.7524701e-06 3.9439533e-06 2.0061423e-06 ... 1.3135079e-06 2.0337332e-06
 3.3978756e-06]","[2.3954708e-06 1.8724467e-06 5.9815994e-07 ... 1.9369920e-06 1.1936987e-06
 3.7347952e-06]","[5.6112680e-07 4.1239250e-07 3.5649344e-07 ... 2.8083566e-06 2.1056239e-06
 8.4170887e-07]","[2.1716098e-06 7.7675480e-07 6.5986472e-07 ... 2.2952822e-06 2.7719584e-06
 2.5976663e-06]","[1.8105931e-06 9.4096998e-07 7.5850198e-07 ... 2.1865683e-06 2.8352556e-06
 2.0631496e-06]","[1.7979585e-06 8.4393247e-07 1.1649806e-06 ... 2.4448777e-06 2.2628938e-06
 1.1386354e-06]","[1.9448262e-06 7.3744104e-07 1.3120689e-06 ... 1.4041580e-06 1.7383132e-06
 1.3576326e-06]","[1.5556230e-06 1.3293588e-06 3.7301223e-07 ... 1.3646060e-06 5.7927548e-07
 5.2916107e-07]","[1.4846892e-06 9.8965438e-07 1.1574612e-06 ... 2.0159307e-06 1.1219551e-06
 4.8258073e-07]","[1.8239070e-06 1.9081572e-06 3.0455701e-06 ... 1.9444765e-06 1.8842297e-06
 1.6328536e-06]","[1.8905470e-06 1.6961529e-06 1.8438814e-06 ... 4.2447246e-06 1.2316895e-06
 1.8010920e-06]","[7.3037990e-07 3.5684349e-07 1.0652623e-06 ... 2.4566764e-06 1.8592069e-06
 2.0977809e-06]","[7.3842892e-07 5.8148527e-07 7.0312376e-07 ... 9.2745483e-07 1.0309373e-06
 4.8137412e-07]","[1.6178340e-06 1.5736625e-06 1.4488616e-06 ... 1.1529132e-06 1.1189445e-06
 8.2235397e-07]","[2.8617642e-06 1.5165388e-06 1.2418799e-06 ... 2.2611268e-06 1.0262675e-06
 1.0689511e-06]","[7.7988670e-07 5.5508013e-07 4.8912210e-07 ... 2.3631928e-06 2.1082190e-06
 8.3048127e-07]","[9.2321170e-07 1.0381240e-06 8.5610179e-07 ... 2.0806287e-06 1.5992928e-06
 1.0755184e-06]","[1.7415935e-06 1.0917407e-06 1.8759044e-06 ... 1.2938314e-06 1.2720826e-06
 1.2052684e-06]","[1.4615050e-06 1.5430786e-06 1.4494713e-06 ... 1.2330544e-06 9.2880504e-07
 3.9602861e-07]","[1.2946462e-06 1.7796174e-06 1.0080842e-06 ... 1.0360825e-06 1.0024187e-06
 2.7852769e-07]","[2.1470846e-06 1.2183367e-06 2.0092480e-06 ... 1.4539875e-06 1.3064358e-06
 1.4984845e-06]","[4.5803833e-07 5.7591274e-07 7.5213387e-07 ... 1.4163072e-06 1.4662816e-06
 1.5320828e-06]","[8.1903772e-07 1.6507263e-06 1.6734609e-06 ... 8.2730054e-07 7.8767403e-07
 1.0407936e-06]","[9.3552126e-07 1.0842753e-06 1.1706807e-06 ... 7.7393685e-07 5.3605061e-07
 4.0854587e-07]","[1.7125574e-06 2.3345769e-06 1.4453522e-06 ... 6.6630088e-07 5.7691079e-07
 4.3300790e-07]","[1.6257957e-06 1.4493629e-06 1.1264573e-06 ... 9.9815225e-07 6.1205111e-07
 8.7886048e-07]","[1.6253141e-06 1.4149514e-06 8.8392312e-07 ... 5.0823365e-07 3.7971469e-07
 7.6193487e-07]","[7.2062085e-07 5.3532557e-07 5.7826173e-07 ... 7.6458377e-07 6.1109120e-07
 3.8098420e-07]","[7.6998845e-07 1.5697069e-06 1.3713146e-06 ... 7.8351201e-07 7.7539880e-07
 3.1700725e-07]","[3.8417653e-07 8.8541697e-07 9.1139748e-07 ... 1.6145326e-06 1.2064158e-06
 1.7204374e-06]","[9.9562624e-07 1.0412897e-06 8.5148514e-07 ... 1.5705544e-06 1.4489218e-06
 1.4767592e-06]","[1.4490245e-06 1.2506041e-06 8.3917956e-07 ... 1.1166375e-06 1.8491431e-06
 1.1792682e-06]","[1.0193403e-06 6.8888545e-07 1.2740365e-06 ... 1.4628329e-06 1.4919741e-06
 5.5044217e-07]","[1.0072009e-06 8.4869589e-07 1.9695947e-06 ... 5.1923661e-07 9.9655904e-07
 9.6947338e-07]","[6.8091566e-07 6.1714280e-07 1.4808645e-06 ... 1.1395804e-06 1.2532389e-06
 1.1654805e-06]","[9.9787428e-07 6.6637836e-07 1.0042529e-06 ... 1.2840568e-06 9.3733109e-07
 8.6954100e-07]","[1.0249494e-06 7.3154257e-07 7.7938120e-07 ... 1.3482835e-06 8.0288538e-07
 1.0965344e-06]","[1.0681449e-06 9.8520354e-07 1.0294802e-06 ... 1.1221717e-06 9.5681924e-07
 1.7257696e-06]","[7.2321740e-07 1.0855151e-06 1.1657203e-06 ... 8.8819451e-07 1.3330148e-06
 1.3926445e-06]","[8.8616991e-07 8.6517548e-07 8.0464019e-07 ... 6.3183847e-07 8.6401252e-07
 1.2689076e-06]","[1.8844572e-07 2.1068004e-07 2.1620467e-07 ... 3.8579097e-07 3.5359986e-07
 6.5380453e-07]","[3.6189476e-08 2.5454531e-08 3.6713370e-08 ... 1.6972093e-08 3.1591270e-08
 4.2424894e-08]"
2,CF003 - Active - Day - (214).wav,2,[0.00012454 0.00024511 0.00029543 ... 0.00018334 0.0001148  0.0002277 ],"[7.1265917e-05 8.7994727e-04 4.3676767e-04 ... 3.8946071e-04 3.8138914e-04
 1.2432061e-03]","[8.1446480e-05 1.4755668e-03 1.1287678e-03 ... 3.8608888e-04 1.0089306e-03
 1.0743032e-03]",[0.00012827 0.0012     0.00155671 ... 0.00147579 0.00060308 0.00019788],"[4.9760914e-05 3.0801134e-04 2.5131743e-04 ... 9.6740824e-04 1.3216256e-04
 2.7842069e-04]","[6.7843619e-05 6.0610590e-05 3.3698812e-05 ... 1.2378859e-04 1.3177060e-04
 5.7479442e-04]","[2.7333453e-04 7.5721815e-05 9.5331445e-05 ... 1.6586397e-04 4.2021676e-04
 4.3527104e-04]","[2.2017641e-04 1.4574346e-04 8.9659778e-05 ... 3.1108825e-04 3.2379164e-04
 2.4378557e-04]","[1.3489409e-04 2.0484085e-04 6.7411806e-05 ... 2.4514800e-04 1.5405416e-04
 3.8032245e-04]","[1.5125869e-04 1.9353724e-04 1.8681505e-05 ... 2.3110880e-04 9.0479909e-05
 1.2456306e-04]","[1.3695337e-05 1.3596399e-04 3.6525176e-05 ... 9.0472669e-05 4.0001769e-04
 7.7781553e-04]","[8.2352735e-06 1.3548028e-04 1.3844161e-04 ... 1.7534032e-04 4.5928848e-04
 1.4087538e-03]","[1.3363211e-05 6.8552683e-05 9.1559188e-05 ... 2.1924987e-04 1.7813659e-04
 4.9682951e-04]","[5.5931338e-05 1.3268480e-05 1.0425109e-04 ... 3.5188947e-04 6.9383212e-05
 3.1965512e-05]","[2.1434425e-04 1.1424156e-04 8.7960689e-05 ... 3.9038085e-04 2.3430879e-05
 1.3325144e-05]","[1.58755123e-04 8.45362738e-05 7.01174285e-05 ... 1.05222796e-04
 4.63580654e-05 4.60633164e-05]","[7.1007140e-05 4.9313447e-05 2.4985813e-04 ... 3.0801508e-05 5.8573049e-05
 1.7730983e-04]","[3.4078559e-05 3.9439510e-05 2.7803122e-04 ... 1.9690719e-05 6.5823835e-05
 1.1190713e-04]","[6.8038048e-06 2.8265124e-05 1.0023417e-04 ... 7.3458723e-05 1.3963380e-05
 1.5943682e-05]","[5.06310562e-06 3.83610532e-05 4.05945757e-05 ... 1.04616956e-04
 1.03435115e-04 1.35016535e-05]","[8.6327982e-06 6.7618617e-05 5.7338657e-05 ... 1.7592193e-04 3.1119236e-04
 7.8175501e-05]","[3.9820661e-05 6.7602719e-05 8.1315193e-05 ... 1.7256750e-04 1.7844146e-04
 8.6859865e-05]","[2.6835158e-05 3.9610561e-05 8.8810397e-05 ... 1.1665954e-04 1.2986979e-04
 2.5530276e-04]","[2.45515912e-05 1.01709884e-04 5.22251648e-05 ... 5.58059583e-05
 3.21981701e-04 1.03230661e-04]","[1.3860902e-05 7.6389377e-05 2.1322894e-05 ... 9.9039527e-05 2.4762852e-04
 7.5089301e-05]","[1.0115420e-05 6.1985163e-05 3.1836429e-05 ... 1.0574113e-04 4.7887599e-05
 7.7713667e-06]","[2.5663918e-05 1.1024655e-04 1.0702815e-04 ... 3.4971174e-05 1.2092821e-05
 2.2781530e-06]","[8.4688027e-06 7.0238893e-05 4.9555565e-05 ... 2.8189193e-05 7.3088549e-06
 9.4666370e-07]","[9.3506351e-06 1.9794566e-05 6.2818057e-05 ... 3.4327346e-05 7.0146576e-05
 3.4576493e-05]","[2.9834715e-05 1.8444618e-05 4.6439047e-05 ... 1.8645824e-04 1.7529822e-04
 2.1801687e-04]","[9.5122186e-06 2.9287687e-05 2.3255978e-05 ... 5.3363761e-05 1.8251934e-05
 1.4792787e-04]","[5.1693310e-06 3.6662677e-05 2.8795848e-05 ... 1.2936488e-05 3.0407795e-05
 5.0907416e-05]","[1.4058419e-05 2.7566677e-05 6.7313573e-05 ... 1.8393202e-05 3.4531855e-05
 2.8539278e-05]","[7.75746594e-06 1.17197305e-05 3.65509695e-05 ... 1.27404182e-05
 2.36531487e-05 7.64468932e-05]","[9.2530826e-07 5.1716834e-06 2.2560042e-05 ... 1.3876290e-05 2.0932803e-05
 3.3930912e-05]","[9.1747552e-07 4.3303203e-06 1.9119865e-05 ... 5.8306327e-06 5.2586024e-06
 1.5258572e-06]","[1.4369837e-06 4.4181220e-06 1.1948606e-05 ... 8.2185570e-06 2.1165092e-06
 2.5687721e-06]","[3.4113657e-06 1.1331757e-06 5.6530566e-06 ... 9.9199315e-06 4.4651219e-06
 1.1305207e-05]","[4.4775556e-06 2.3894613e-06 9.5349441e-07 ... 4.1142543e-05 3.0318397e-05
 7.0078909e-06]","[1.3123936e-06 6.1142036e-06 1.4848928e-05 ... 5.6092642e-05 6.5444467e-05
 2.3431110e-05]","[5.5110991e-07 7.4159393e-06 1.4257247e-05 ... 1.9709085e-05 1.9196808e-05
 4.7784993e-06]","[5.5541168e-06 3.9672050e-06 4.7085991e-06 ... 1.1112643e-05 1.5415291e-05
 1.1767298e-06]","[1.6722719e-05 5.6384247e-06 4.4197568e-06 ... 2.9239394e-05 1.8838455e-05
 2.5636134e-06]","[7.1785585e-06 1.0300669e-05 9.9439721e-06 ... 1.5028574e-05 5.7308444e-06
 1.1348796e-05]","[2.4777653e-05 1.2533288e-05 4.9723826e-06 ... 2.4274361e-06 2.3545660e-06
 1.1319368e-05]","[7.1734648e-06 1.5109948e-05 8.6474229e-06 ... 1.6395576e-06 1.7881687e-06
 3.9365555e-06]","[9.7994243e-06 1.8861823e-05 5.3884728e-06 ... 3.4523125e-06 3.7985840e-06
 2.7631409e-06]","[2.3760279e-06 1.0008798e-05 3.8702169e-06 ... 5.0302838e-06 1.1263071e-05
 9.0246640e-06]","[2.7316582e-06 1.1800946e-05 3.4827492e-05 ... 1.5409985e-05 8.3659443e-06
 4.7839380e-06]","[1.3406260e-05 2.3845116e-05 1.6483345e-05 ... 2.5429261e-05 1.6679434e-05
 2.8930633e-06]","[5.7770330e-06 4.5972520e-06 9.2198561e-06 ... 1.9031808e-05 1.4061905e-05
 5.1163893e-06]","[2.82156816e-06 3.74667093e-06 9.40543941e-06 ... 7.24724396e-06
 8.93219294e-06 1.25577135e-05]","[1.7635310e-05 2.4734407e-05 1.6286192e-05 ... 2.1991841e-06 6.9375833e-06
 1.5315825e-05]","[6.8442541e-06 9.9475856e-06 1.1945421e-05 ... 2.7259775e-06 2.8508281e-05
 4.6259418e-05]","[1.4305435e-06 3.6033562e-06 5.1805878e-06 ... 1.3982103e-05 1.6106556e-05
 8.2638235e-06]","[3.9928432e-06 6.8897325e-06 8.1195776e-06 ... 8.8918632e-06 7.2310327e-06
 4.2145239e-06]","[2.9446057e-06 5.3640010e-06 8.7698591e-06 ... 8.8375291e-06 6.2572053e-06
 4.7575654e-06]","[1.5718590e-05 1.5851219e-05 7.3908545e-06 ... 1.0350976e-05 4.4869935e-06
 7.5777172e-07]","[1.1768154e-05 6.5369895e-06 2.6365835e-06 ... 7.0252895e-06 8.6390055e-06
 7.2103336e-07]","[2.3172029e-06 3.7010821e-06 2.4845285e-06 ... 5.1520765e-06 1.4439190e-05
 1.5786489e-05]","[8.1422002e-07 2.3455009e-06 4.5305778e-06 ... 4.4737094e-06 9.3885792e-06
 1.6472230e-05]","[1.4300915e-06 1.8898420e-06 1.8642751e-06 ... 3.7748314e-06 1.3534099e-05
 3.7614464e-05]","[1.5829858e-06 1.3519983e-06 1.0498411e-06 ... 3.1045097e-06 8.3664181e-06
 5.7445923e-06]","[2.1072201e-06 2.0150333e-06 1.2446652e-06 ... 2.0946700e-06 4.0894797e-06
 1.2913590e-05]","[7.7282384e-06 6.2058512e-06 4.6383234e-06 ... 5.0244521e-06 4.2593392e-06
 4.4844342e-06]","[6.7230881e-06 3.2146559e-06 3.6968961e-06 ... 2.5735217e-06 9.8723976e-06
 5.3899225e-06]","[7.4627133e-07 2.2039326e-06 3.8875005e-06 ... 6.3691423e-06 1.2286230e-05
 7.5194062e-06]","[3.5230846e-07 8.8857257e-07 1.5235991e-06 ... 6.9797998e-06 2.0457999e-06
 1.5429264e-06]","[3.1977507e-07 1.3043766e-06 1.7386767e-06 ... 1.9922925e-06 1.3593841e-07
 1.8902686e-07]","[2.7049173e-06 3.9649876e-06 1.5603270e-06 ... 1.7043399e-06 3.4932324e-07
 1.9228361e-07]","[3.74605975e-06 4.32313573e-06 4.73108503e-06 ... 3.88968510e-06
 2.97732117e-06 1.00204115e-05]","[1.1756504e-06 1.0034765e-06 2.1387316e-06 ... 4.2228694e-06 8.5026686e-06
 2.2471053e-05]","[1.0939174e-06 1.1465293e-06 2.5048816e-06 ... 1.8050475e-06 3.0018434e-06
 4.1637509e-06]","[3.9093175e-07 1.4230985e-06 1.2272012e-06 ... 1.4577474e-06 8.2177394e-07
 2.5809175e-06]","[3.6906379e-06 2.2768320e-06 2.0355953e-06 ... 3.6190909e-06 4.4870608e-06
 9.4758216e-06]","[1.6648692e-06 1.7384696e-06 2.7907879e-06 ... 1.7108802e-06 3.5332123e-06
 6.2942895e-06]","[3.4078419e-06 2.8810914e-06 3.8575690e-06 ... 2.2626659e-06 5.2743726e-06
 4.8559268e-06]","[1.4483153e-06 2.1330798e-06 6.1430892e-06 ... 2.8002482e-06 7.0364413e-06
 9.9052886e-06]","[1.4566792e-06 2.0286279e-06 2.6553266e-06 ... 8.3017926e-07 1.2965945e-06
 3.4223044e-06]","[2.5968202e-06 2.1995654e-06 2.6174753e-06 ... 8.6324479e-07 4.3475734e-06
 2.7675246e-06]","[2.7792933e-06 1.9942254e-06 4.4337553e-06 ... 3.2242840e-06 3.9551510e-06
 1.5460430e-06]","[1.1110753e-06 1.9403924e-06 4.1176067e-06 ... 3.1906800e-06 2.0775656e-06
 3.2051184e-07]","[1.5240678e-06 1.4446207e-06 3.4366130e-06 ... 5.1171867e-07 8.4739196e-07
 8.1771714e-07]","[8.9740610e-07 1.0353915e-06 1.7873823e-06 ... 1.3066453e-06 8.4794674e-06
 1.0996389e-05]","[4.9386940e-06 1.7858578e-06 1.6707014e-06 ... 1.9638492e-06 3.0012361e-06
 5.0428175e-06]","[3.2995874e-06 1.9037587e-06 2.1385779e-06 ... 2.8283512e-07 5.9940373e-07
 2.3920647e-06]","[9.8379928e-07 8.4588459e-07 1.1943541e-06 ... 3.8564332e-07 5.4635808e-07
 1.7762504e-06]","[3.8463153e-07 9.2945083e-07 8.3777849e-07 ... 1.4210669e-06 6.1900658e-07
 5.3877523e-07]","[3.1367213e-07 1.1923563e-06 1.5151500e-06 ... 2.4333992e-06 2.4950702e-06
 1.3689458e-06]","[7.3425508e-07 8.9174642e-07 7.7284494e-07 ... 7.5601764e-07 2.0820564e-06
 1.9100507e-06]","[2.0335638e-06 2.6940038e-06 7.9172588e-07 ... 1.1159349e-06 6.0990340e-07
 3.2029845e-07]","[1.3273635e-06 3.8414255e-06 2.3699508e-06 ... 2.2825416e-06 2.6960495e-06
 2.3614223e-06]","[1.5834614e-06 2.1689282e-06 1.5954959e-06 ... 1.7991830e-06 4.2067731e-07
 3.4377555e-07]","[3.8767629e-07 6.9019927e-07 1.6583131e-06 ... 1.8986719e-06 4.3264774e-07
 3.9195575e-07]","[2.7449192e-07 6.0078759e-07 9.7370184e-07 ... 1.8717411e-06 1.0651911e-06
 4.7311005e-07]","[6.4257250e-07 1.0785658e-06 1.2698372e-06 ... 2.0794948e-06 3.6017332e-07
 3.3055585e-07]","[8.5924290e-07 2.4480294e-06 2.6989171e-06 ... 1.0651897e-06 5.2972115e-07
 3.4417474e-07]","[7.8197814e-07 1.8251918e-06 1.6086807e-06 ... 7.8528984e-07 9.5413770e-07
 7.0413972e-07]","[1.3821912e-06 1.8248223e-06 6.8719163e-07 ... 8.1134118e-07 1.1946545e-06
 6.2005716e-07]","[1.8897999e-06 2.3154980e-06 6.5858654e-07 ... 9.4108248e-07 1.0143588e-06
 1.3118465e-06]","[9.8041971e-07 4.7414682e-07 8.4745056e-07 ... 7.8828634e-07 9.7013094e-07
 1.0045142e-06]","[1.0987408e-06 6.1480267e-07 8.3993785e-07 ... 6.8454813e-07 6.1482990e-07
 6.3850865e-07]","[5.3284111e-07 5.7138402e-07 9.7132499e-07 ... 4.4996500e-07 4.4893645e-07
 4.7962305e-07]","[8.9985656e-07 8.8168218e-07 1.2673346e-06 ... 4.1189278e-07 2.9170761e-07
 4.4900003e-07]","[5.7127176e-07 4.0990835e-07 3.5040492e-07 ... 4.2810416e-07 9.1791770e-07
 6.6919125e-07]","[3.6103268e-07 5.0136788e-07 5.8994721e-07 ... 7.5804138e-07 4.1414870e-07
 3.5551432e-07]","[1.3653136e-06 1.5238869e-06 1.7298406e-06 ... 5.0474915e-07 5.7513768e-07
 6.8320128e-07]","[5.9921882e-07 1.0507484e-06 1.8344023e-06 ... 6.3077573e-07 8.5254942e-07
 7.6871839e-07]","[1.3252056e-06 1.1796296e-06 8.6162885e-07 ... 7.7283090e-07 1.0656421e-06
 7.5793537e-07]","[7.4229558e-07 5.6678505e-07 3.5342384e-07 ... 1.0903640e-06 1.3946583e-06
 7.4709766e-07]","[1.2261090e-06 1.4230498e-06 6.9464420e-07 ... 9.6910185e-07 1.2220719e-06
 3.4638197e-07]","[8.3658443e-07 1.2307110e-06 1.1732097e-06 ... 7.3758764e-07 6.4541314e-07
 3.9575235e-07]","[8.3456985e-07 1.3038637e-06 1.1707491e-06 ... 1.3290161e-06 8.2874072e-07
 5.9728512e-07]","[1.1815021e-06 1.4209614e-06 1.0227997e-06 ... 6.3023026e-07 7.4212596e-07
 5.0665932e-07]","[5.2850197e-07 8.8981676e-07 6.3926450e-07 ... 7.3662136e-07 1.0920284e-06
 1.2347801e-06]","[2.4448940e-07 4.4456880e-07 7.9841175e-07 ... 6.6216626e-07 1.2631398e-06
 8.6990934e-07]","[3.4025308e-07 1.0832522e-06 1.1200897e-06 ... 7.1110242e-07 1.0023356e-06
 4.8815224e-07]","[1.5357475e-06 9.8697581e-07 8.6214925e-07 ... 6.9510804e-07 7.2920488e-07
 7.7861779e-07]","[2.0438929e-06 1.6830170e-06 1.2296805e-06 ... 8.8471779e-07 4.6390366e-07
 7.5772726e-07]","[1.4505905e-06 1.0136926e-06 1.3139090e-06 ... 8.3760341e-07 6.0804712e-07
 5.0023897e-07]","[6.1346367e-07 1.1443370e-06 2.2382294e-06 ... 8.4375796e-07 1.1949980e-06
 8.6642717e-07]","[1.8176630e-06 1.3453032e-06 1.6781905e-06 ... 8.4289155e-07 1.3224465e-06
 1.4468013e-06]","[1.4312729e-06 1.3501150e-06 2.8742857e-06 ... 1.1586379e-06 1.2934329e-06
 7.4885412e-07]","[1.1574823e-06 1.7638082e-06 4.3527016e-06 ... 1.1940315e-06 8.4165629e-07
 5.6528336e-07]","[1.3884568e-06 2.0277173e-06 3.5481867e-06 ... 6.6874202e-07 6.8737569e-07
 7.0581530e-07]","[3.0279909e-07 1.3008258e-06 1.9779402e-06 ... 7.5474674e-07 9.0504341e-07
 1.6251814e-06]","[1.12799874e-07 3.21842492e-07 4.33499196e-07 ... 3.88826777e-07
 5.23911751e-07 5.83589951e-07]","[2.0634472e-08 2.3980444e-08 3.5788691e-08 ... 1.3774149e-08 2.4506368e-08
 4.2465132e-08]"
3,CF003 - Active - Day - (214).wav,3,"[4.8619887e-04 1.5237027e-04 1.6609794e-05 ... 9.2577495e-05 6.1464511e-05
 2.0120577e-05]","[4.2300395e-04 2.7597276e-04 9.7393553e-05 ... 3.2294233e-04 2.5970326e-04
 9.0092050e-05]","[2.8258319e-05 2.5332082e-04 4.1966644e-04 ... 1.9731370e-04 2.3342819e-04
 6.2947038e-05]","[2.0623957e-04 5.5219495e-04 4.5522378e-04 ... 6.1624283e-05 5.0749892e-05
 7.1290699e-05]","[5.3394883e-04 2.5023188e-04 1.3512763e-04 ... 3.0019498e-04 3.3516815e-05
 6.2945212e-05]","[1.24388083e-04 1.01749756e-04 9.08862858e-05 ... 2.28600373e-04
 1.00591868e-04 4.15085924e-05]","[1.3981796e-04 2.6552010e-04 4.0128420e-04 ... 9.3335744e-05 2.9268105e-05
 2.3189436e-06]","[3.0413573e-04 1.0935335e-04 3.9222947e-04 ... 7.9301593e-05 7.5424127e-06
 1.0253136e-05]","[1.9637491e-04 4.3208896e-05 1.1484450e-04 ... 4.8398757e-05 2.1992039e-04
 2.9971247e-04]","[8.02582799e-05 1.11610694e-04 2.05229357e-04 ... 9.58425371e-05
 3.17906466e-04 7.00627570e-04]","[4.8723225e-05 2.5204034e-04 7.2328723e-04 ... 1.4470056e-04 3.7076134e-05
 3.8591007e-04]","[6.7277360e-05 4.7994705e-04 3.9654662e-04 ... 1.4946840e-04 9.3239985e-05
 3.3698775e-04]","[2.3867491e-04 3.2023771e-04 6.1112529e-05 ... 2.2247765e-04 1.2100368e-04
 1.5215362e-04]","[2.4853641e-04 9.9319346e-05 2.0396519e-05 ... 1.8215709e-04 1.9149360e-04
 1.3804143e-04]","[1.1052136e-04 1.5326547e-04 6.1505300e-05 ... 1.2405596e-04 4.7330162e-04
 1.8589747e-04]","[4.0718960e-04 8.1622973e-05 8.7876848e-05 ... 2.7935329e-04 5.2551256e-04
 3.6787355e-04]","[3.8158358e-04 6.6133282e-05 1.7026779e-05 ... 1.6158524e-04 1.1083241e-04
 4.8495928e-04]","[1.2597491e-04 6.2007268e-05 5.9134880e-05 ... 6.7993751e-05 6.4299020e-05
 8.7308203e-05]","[8.1321941e-06 2.4483668e-05 1.2248017e-04 ... 2.3623923e-05 1.2660988e-04
 2.1522204e-04]","[2.0995651e-05 3.7110749e-05 5.4234170e-05 ... 8.0667116e-05 1.2520108e-04
 3.5550902e-04]","[1.4721527e-04 8.7405795e-05 5.6451336e-05 ... 1.4571204e-04 4.0106501e-05
 1.6934777e-04]","[2.0609642e-04 5.2034844e-05 1.6589128e-04 ... 4.9483268e-05 5.8498044e-05
 5.2774802e-05]","[1.2238463e-04 1.2003078e-04 8.9816807e-05 ... 8.2500264e-06 5.2519672e-06
 2.1288670e-06]","[1.91775380e-05 1.05182007e-04 5.15613356e-05 ... 1.42747222e-05
 1.36030167e-05 1.33634985e-05]","[9.1196882e-05 1.3585061e-04 2.9701645e-05 ... 3.7860937e-05 1.1501464e-05
 1.5108148e-05]","[2.0274868e-04 2.0427367e-04 6.6998255e-05 ... 1.2383291e-04 7.2041650e-05
 6.6969522e-05]","[3.15301113e-05 1.38846983e-04 7.14910275e-05 ... 4.88069127e-05
 1.00959194e-04 2.45310628e-04]","[6.76293566e-05 5.12203405e-05 1.15099734e-04 ... 8.81208325e-05
 3.65639389e-05 2.83183530e-04]","[1.2884379e-04 1.0396612e-04 7.5554301e-05 ... 1.5962908e-04 2.3074722e-04
 4.3331925e-04]","[1.1300403e-04 7.3354742e-05 2.8826373e-05 ... 3.3756631e-05 1.9793860e-04
 1.7606617e-04]","[6.6799284e-06 1.9253835e-05 3.4653720e-05 ... 4.7399313e-05 4.9153485e-05
 3.6303722e-05]","[4.3674431e-06 4.0297862e-05 3.9863968e-05 ... 1.1948505e-04 5.5065808e-05
 9.7043830e-06]","[1.8747121e-05 6.7784051e-05 2.5119596e-05 ... 7.1528259e-05 4.3490556e-05
 8.1681728e-06]","[9.5084652e-06 3.5132231e-05 1.8506824e-05 ... 2.1951200e-05 2.0230858e-05
 7.0495544e-06]","[5.4542215e-06 1.7595539e-05 5.0929671e-06 ... 5.8238595e-05 3.9058764e-06
 7.6615646e-07]","[1.2469553e-05 8.4328240e-06 1.5722439e-05 ... 2.5675381e-05 2.7356846e-06
 3.5636140e-06]","[2.9422534e-07 1.9482732e-06 1.3365663e-05 ... 1.8498757e-05 5.2403675e-06
 1.2163833e-05]","[1.4412741e-07 6.3884436e-06 9.6769563e-06 ... 1.7048305e-05 1.4679110e-06
 1.1808633e-05]","[3.0987817e-07 1.8576668e-05 1.3948274e-05 ... 2.0232064e-05 3.2559403e-06
 4.9911832e-06]","[6.6551402e-06 6.9476235e-05 3.6582776e-05 ... 1.1361758e-05 5.1402262e-06
 2.6303471e-06]","[1.12113175e-05 8.97913560e-05 5.74834521e-05 ... 2.30558253e-05
 7.69238613e-06 1.52379034e-05]","[1.2044962e-05 3.8629103e-05 2.8647779e-05 ... 7.0948110e-05 4.4400422e-05
 1.1818325e-05]","[3.73234639e-06 1.48904655e-05 2.07420126e-05 ... 2.72480047e-05
 4.89751765e-05 6.39084610e-05]","[7.5009865e-07 2.0496238e-05 2.5629932e-05 ... 2.6854229e-06 2.6809954e-05
 2.1196671e-05]","[4.5789893e-06 2.1318490e-05 2.2230342e-05 ... 5.6775843e-06 3.2346969e-05
 1.2229230e-05]","[1.6316606e-06 3.3790782e-06 6.7563797e-06 ... 5.9520771e-06 1.0082304e-05
 6.0254056e-06]","[7.9289023e-08 2.3111145e-06 8.8855568e-06 ... 4.6320624e-06 6.6467865e-06
 2.3333181e-05]","[2.5544281e-07 3.0734645e-06 3.3448746e-06 ... 1.4253798e-05 2.1208418e-05
 1.8825787e-05]","[3.0715915e-07 1.3904411e-06 3.6865640e-06 ... 8.6811315e-06 1.6246677e-05
 1.0879879e-06]","[4.0578567e-07 1.2604889e-06 5.1639142e-07 ... 9.9679355e-06 2.2670212e-05
 7.6964825e-06]","[5.8172424e-07 1.3954818e-06 2.2417910e-06 ... 4.4127655e-06 2.0622494e-05
 9.6143722e-06]","[6.0336532e-07 1.4347725e-06 4.1771327e-06 ... 2.3622101e-06 1.9671535e-05
 1.0017235e-05]","[6.8580534e-06 5.5088299e-06 2.4919621e-06 ... 1.3166812e-06 1.1334830e-05
 1.8494597e-05]","[2.2134716e-06 2.6840776e-06 4.4387439e-06 ... 1.8754293e-06 4.2444844e-06
 3.2188282e-06]","[4.5989995e-07 3.3928909e-06 7.8171570e-06 ... 2.2757754e-06 2.6956893e-06
 2.5265051e-06]","[6.2689475e-07 1.9364147e-06 2.1557514e-06 ... 4.1242756e-06 2.2353684e-06
 2.1910841e-06]","[3.0466126e-06 2.7263602e-06 1.8498448e-06 ... 5.9925665e-06 1.7185303e-05
 5.0787007e-06]","[4.6566738e-06 1.7957120e-05 6.7506885e-06 ... 1.1356456e-05 5.5219254e-05
 2.0396114e-05]","[2.2046172e-06 1.5674730e-05 5.7304878e-06 ... 1.8039234e-05 3.7195208e-05
 2.1367901e-05]","[3.8019307e-06 3.5019316e-06 3.1194893e-06 ... 7.1852714e-06 7.8674548e-06
 7.0541764e-06]","[1.4594002e-06 4.2174834e-06 2.3743669e-06 ... 5.2651676e-06 4.4065041e-06
 5.5366831e-06]","[3.1892455e-06 6.9641401e-06 3.3479666e-06 ... 7.6759052e-06 1.0634594e-05
 1.9077741e-05]","[7.7245721e-07 4.0474870e-06 2.1488345e-06 ... 2.3257287e-06 6.1229734e-06
 1.0299257e-05]","[1.8799249e-06 3.7065115e-06 9.8287808e-07 ... 2.5777590e-06 2.1534246e-05
 1.1178892e-05]","[1.7841113e-06 2.0386758e-06 4.7790313e-06 ... 3.0576573e-06 2.6249321e-05
 6.9237972e-06]","[2.0091397e-06 1.7120822e-06 2.3825189e-06 ... 5.8208439e-06 3.8434446e-05
 1.0061892e-05]","[3.0835236e-06 1.1089514e-06 9.8308408e-07 ... 9.1832108e-06 2.2734257e-05
 4.2147108e-06]","[2.7178364e-06 4.7461881e-06 3.3331262e-06 ... 4.4515423e-06 1.2839411e-05
 1.8041653e-06]","[1.7076155e-06 9.7018328e-06 4.7239605e-06 ... 7.0117285e-06 7.2894686e-06
 5.4555039e-07]","[1.3072322e-06 1.2731882e-06 1.5319523e-06 ... 2.1370299e-06 1.6709930e-05
 1.1398824e-05]","[7.9200737e-07 3.6759820e-06 4.7884146e-06 ... 3.0547767e-06 2.4253321e-05
 8.2452852e-06]","[3.8048651e-07 1.8161022e-06 2.1333162e-06 ... 5.9322711e-06 1.7236507e-05
 4.5099532e-06]","[5.0140295e-07 1.2860271e-06 1.5628642e-06 ... 3.5293842e-06 6.0495950e-06
 7.8629328e-06]","[2.3024619e-07 7.9485812e-07 1.5384966e-06 ... 1.0019291e-06 7.5011312e-06
 6.9451571e-06]","[2.9413941e-06 1.4174301e-06 6.4446084e-07 ... 1.9793006e-06 2.7181429e-06
 2.7001813e-06]","[2.7028282e-06 2.3670570e-06 1.2801129e-06 ... 7.5294938e-06 1.3285914e-05
 1.7603541e-05]","[2.2322502e-06 1.6156241e-06 2.3001116e-06 ... 3.6857223e-06 4.7669491e-06
 2.2741058e-06]","[2.0873922e-06 1.4644206e-06 1.0642755e-06 ... 2.7668959e-06 3.7270236e-06
 3.5649766e-06]","[4.5077563e-06 3.4616967e-06 2.3505836e-06 ... 3.2692731e-06 8.7188700e-06
 5.7874763e-06]","[3.1140564e-06 2.4254946e-06 1.1252546e-06 ... 3.6131776e-06 1.2477645e-05
 2.9312566e-06]","[2.5896957e-06 1.2430143e-06 2.3453019e-07 ... 1.5377901e-06 6.7034953e-06
 3.6476656e-06]","[1.4675185e-06 1.3905919e-06 1.7786949e-06 ... 1.8954597e-06 3.2889998e-06
 2.0541383e-06]","[1.3071245e-06 7.8529644e-07 2.2662925e-06 ... 2.8471800e-06 3.0625847e-06
 2.5642996e-06]","[8.6823030e-07 9.8910800e-07 2.4323108e-06 ... 9.0584149e-07 4.6486598e-06
 1.5911568e-06]","[3.5303867e-06 2.1162614e-06 2.0129571e-06 ... 8.6988462e-07 3.6913352e-06
 1.1077259e-06]","[2.6506330e-06 3.5034898e-06 1.3815928e-06 ... 1.2993137e-06 5.3502727e-06
 1.7049772e-06]","[7.3423707e-06 4.6685855e-06 1.7945760e-06 ... 1.0209119e-06 2.1586516e-06
 2.0688426e-06]","[9.1111121e-07 2.1142091e-06 1.7917347e-06 ... 7.8815935e-07 5.1106667e-06
 3.3847198e-06]","[5.0975422e-07 8.3320822e-07 8.0316210e-07 ... 1.2767500e-06 6.7506412e-06
 3.4049208e-06]","[8.6230580e-07 5.9985138e-07 1.0852846e-06 ... 1.6345200e-06 4.1619533e-06
 1.8260913e-06]","[7.9165687e-07 6.8559194e-07 6.8007478e-07 ... 1.3970002e-06 2.4650010e-06
 2.8133206e-06]","[4.2862058e-07 8.6848786e-07 6.3624162e-07 ... 6.9470997e-07 2.4646768e-06
 2.4411108e-06]","[7.2104064e-07 1.4421798e-06 2.2555294e-06 ... 1.0353144e-06 1.4607756e-06
 1.0364536e-06]","[4.0344545e-07 7.7301877e-07 7.0594439e-07 ... 1.5580898e-06 2.4201574e-06
 2.4393564e-06]","[1.2813293e-06 1.3289628e-06 6.8406899e-07 ... 3.0268923e-06 1.2713845e-06
 7.0341804e-07]","[6.9711916e-07 1.2762013e-06 9.4294478e-07 ... 1.7340727e-06 9.8416967e-07
 7.7227310e-07]","[3.4592324e-07 1.6892480e-07 4.7469527e-07 ... 1.0832971e-06 1.1739824e-06
 5.9095584e-07]","[1.0817764e-06 9.9832732e-07 3.9377261e-07 ... 1.7521330e-06 1.1456533e-06
 3.1592370e-07]","[1.7353857e-06 4.2779661e-06 1.0364732e-06 ... 3.7524202e-07 2.7985655e-07
 4.2567234e-07]","[1.8301389e-06 1.7530820e-06 1.4630762e-06 ... 5.5902944e-07 6.1659335e-07
 7.7344868e-07]","[3.1740282e-07 6.6264408e-07 7.9244018e-07 ... 7.4445853e-07 2.2219422e-06
 8.1546580e-07]","[5.1873064e-07 8.0614882e-07 1.1528248e-06 ... 8.8321150e-07 3.8976232e-06
 1.7231188e-06]","[6.9630795e-07 9.1549293e-07 8.8400395e-07 ... 7.4574700e-07 4.4321732e-06
 2.2979043e-06]","[1.3056366e-06 9.9041449e-07 1.2202445e-06 ... 8.1640178e-07 4.1655617e-06
 4.3291425e-06]","[8.9174119e-07 1.7504196e-06 8.2267735e-07 ... 9.3946591e-07 1.4822931e-06
 1.3388988e-06]","[4.6244395e-07 8.3969564e-07 6.1407189e-07 ... 1.3787287e-06 1.8517604e-06
 9.0925221e-07]","[7.8946425e-07 7.3164409e-07 1.0099284e-06 ... 1.1078992e-06 1.7259055e-06
 1.2536016e-06]","[5.3507853e-07 6.1843633e-07 1.1014915e-06 ... 1.0593055e-06 4.2541919e-06
 1.2420091e-06]","[1.3843683e-07 5.3244730e-07 1.2715171e-06 ... 1.7028342e-06 3.1010429e-06
 1.5943639e-06]","[8.9823766e-07 1.2365105e-06 1.2527878e-06 ... 1.4731426e-06 1.8546309e-06
 6.8482024e-07]","[1.7735067e-06 2.2951815e-06 1.2810999e-06 ... 1.2286758e-06 1.6073752e-06
 1.8151133e-06]","[1.5719061e-06 1.5253397e-06 1.0143829e-06 ... 1.2404544e-06 6.5543741e-06
 2.3391908e-06]","[8.5027648e-07 3.7752210e-07 9.2434510e-07 ... 1.4064159e-06 7.2032299e-06
 2.3110524e-06]","[5.1133929e-07 4.4694252e-07 9.5777136e-07 ... 1.3080613e-06 5.0587787e-06
 1.0007981e-06]","[8.1141025e-07 8.6341538e-07 7.2738112e-07 ... 1.1384740e-06 2.6067555e-06
 6.3668341e-07]","[7.1096702e-07 5.1237851e-07 7.7625657e-07 ... 7.9807597e-07 5.1927174e-07
 4.7976880e-07]","[5.5173007e-07 8.0302857e-07 1.1038924e-06 ... 4.5333567e-07 6.1747915e-07
 6.5613665e-07]","[1.1705465e-06 1.2601047e-06 1.2261563e-06 ... 7.1892862e-07 1.2175253e-06
 1.2376523e-06]","[8.4216691e-07 9.0956462e-07 9.0019722e-07 ... 1.2504966e-06 6.6665410e-07
 5.1397075e-07]","[7.1709155e-07 1.0280153e-06 1.4828527e-06 ... 1.1858323e-06 9.5004327e-07
 7.4427601e-07]","[8.0781274e-07 9.7437874e-07 1.5190227e-06 ... 1.3867216e-06 1.1830094e-06
 1.3604794e-06]","[5.9521352e-07 1.1138167e-06 1.0096531e-06 ... 1.3270824e-06 6.5475359e-07
 1.0604012e-06]","[9.3113340e-07 6.9004778e-07 7.4708544e-07 ... 9.4425764e-07 1.0448191e-06
 8.1503532e-07]","[1.0260349e-06 6.2347277e-07 6.4040580e-07 ... 8.7339680e-07 1.7462827e-06
 1.0809059e-06]","[7.5464533e-07 6.9965171e-07 6.9921828e-07 ... 9.1260415e-07 1.4912429e-06
 8.0803608e-07]","[5.8896671e-07 5.7607747e-07 4.9279498e-07 ... 6.8534280e-07 7.8207574e-07
 7.3987565e-07]","[3.6320239e-07 2.4225588e-07 1.6818750e-07 ... 2.8095101e-07 4.2359508e-07
 2.4169256e-07]","[3.5922909e-08 1.4615926e-08 1.1166148e-08 ... 2.8744548e-08 2.6312943e-08
 1.1383122e-08]"
4,CF003 - Active - Day - (214).wav,4,"[7.0290589e-05 4.9686096e-05 1.3588928e-04 ... 1.5012998e-04 2.0286346e-04
 6.9601665e-05]","[9.2566217e-05 3.1879538e-04 4.2927987e-04 ... 1.4574546e-04 1.5438531e-04
 3.4986317e-04]",[0.00074145 0.0003434  0.00032239 ... 0.00073766 0.00049224 0.00038194],"[9.3664776e-04 3.4737392e-04 6.1452985e-05 ... 1.4197184e-03 4.5516124e-04
 1.2916066e-04]","[1.4175854e-04 3.0557608e-04 8.2828177e-05 ... 6.2257022e-04 6.5574539e-05
 1.9520393e-04]","[6.2622290e-05 8.2106111e-05 4.9720711e-05 ... 2.2605680e-04 6.6097498e-05
 1.2787735e-05]","[2.0767076e-05 4.9184669e-05 2.5206167e-04 ... 4.2353573e-04 1.2194638e-04
 9.4628631e-06]","[1.2214559e-04 1.0007496e-04 4.2294653e-04 ... 3.6577365e-04 9.4704716e-05
 6.1084890e-08]","[1.5379742e-04 5.1640360e-05 2.5201452e-04 ... 1.7326546e-04 2.1464080e-05
 3.6470458e-06]","[2.5197774e-05 3.5003311e-05 1.1914856e-04 ... 8.4669729e-05 8.1525823e-06
 1.6892698e-05]","[2.9025547e-05 1.1398035e-04 2.4401031e-04 ... 7.7014789e-05 8.3898980e-05
 2.4986610e-05]","[8.6530563e-05 2.0677513e-04 2.7620539e-04 ... 2.7971013e-04 1.6139694e-04
 2.2729808e-05]","[6.2108098e-05 1.5920747e-04 1.2844197e-04 ... 1.2569693e-04 6.5829212e-05
 1.9633495e-05]","[2.19627746e-05 1.78585877e-04 1.07670341e-04 ... 1.14819246e-04
 1.30644243e-04 1.41951343e-04]","[2.97773979e-04 1.08666762e-04 6.26787296e-05 ... 1.17993746e-04
 4.75184293e-04 3.92827002e-04]",[0.00036943 0.00034291 0.00026747 ... 0.00014674 0.00023691 0.000101  ],[0.00014582 0.00074711 0.00052354 ... 0.00018505 0.00016229 0.0002578 ],"[1.7570351e-04 5.4512569e-04 1.0770617e-04 ... 8.3325409e-05 8.9482121e-05
 9.8250741e-05]","[1.6575519e-04 2.5952770e-04 1.6664628e-05 ... 4.0774292e-05 8.9156652e-05
 6.2696963e-05]","[1.2739449e-04 1.6452724e-04 3.0097830e-05 ... 1.4645058e-05 3.8369326e-05
 1.2596017e-05]","[4.1664313e-04 1.9548295e-04 8.0213176e-05 ... 3.3486569e-05 5.9216469e-05
 1.3487251e-05]","[1.9668967e-04 8.9065921e-05 1.3095186e-04 ... 9.8917903e-05 1.5170527e-04
 3.1093725e-05]","[1.6074537e-04 3.2557678e-04 1.4130199e-04 ... 1.3826342e-04 1.0727055e-04
 9.8722148e-06]","[3.0359495e-04 3.8939994e-04 5.4138789e-05 ... 6.2924337e-05 3.3939861e-05
 1.0796645e-05]","[7.1528942e-05 1.7621266e-04 1.1869246e-05 ... 2.1212678e-05 1.1530635e-05
 2.1106258e-05]","[3.6662983e-05 5.1921135e-05 9.4842007e-06 ... 3.2750038e-05 1.5987242e-05
 8.8091929e-06]","[2.48121287e-05 1.06438056e-04 1.99063106e-05 ... 3.86152860e-05
 7.65859149e-05 6.67122731e-05]","[3.9334939e-04 3.7043839e-04 6.8216003e-05 ... 6.5073669e-05 7.3284471e-05
 1.3840591e-04]","[4.9995491e-04 3.0885250e-04 3.6045683e-05 ... 3.5617140e-05 3.3491353e-05
 4.7371905e-05]","[8.6524626e-05 4.4068714e-05 2.0237067e-05 ... 3.6635403e-05 5.5292279e-05
 1.4450358e-05]","[2.1263269e-05 1.8290992e-05 2.0389274e-05 ... 1.4079819e-05 2.8226714e-05
 6.5257136e-06]","[5.3093510e-05 1.0380517e-04 3.0714946e-05 ... 3.4910387e-05 3.8310911e-05
 6.1459883e-05]","[5.0244045e-05 1.6547021e-04 3.6809539e-05 ... 3.9306491e-05 4.1376581e-05
 1.4639575e-04]","[5.5537475e-05 9.0331450e-05 4.1685002e-05 ... 2.1669084e-05 3.1975880e-05
 6.3843792e-05]","[8.9959058e-06 1.4084844e-05 1.0176447e-05 ... 2.7526623e-05 1.5608954e-05
 3.9161787e-06]","[1.1649125e-06 9.2560258e-06 2.1998483e-05 ... 1.0546624e-05 7.8298690e-06
 9.4394619e-07]","[2.6419707e-06 6.3366665e-06 3.0278641e-05 ... 1.5286392e-06 1.6112087e-06
 1.5761518e-07]","[1.8810462e-05 2.3429782e-05 2.6689730e-05 ... 1.8345795e-06 3.3153638e-06
 2.2856584e-06]","[2.6376394e-05 3.1606756e-05 1.0382021e-05 ... 2.0817374e-06 1.0142096e-05
 1.5514000e-06]","[9.6705780e-06 2.8220416e-05 7.4784170e-05 ... 8.8636007e-06 4.2205156e-05
 2.5741148e-05]","[9.0070516e-06 4.3486962e-05 1.6687630e-04 ... 4.4108263e-05 7.7529505e-05
 5.8256333e-06]","[1.4532972e-05 1.4035025e-05 7.7039331e-05 ... 5.3602467e-05 4.5985849e-05
 6.0805751e-06]","[2.1358128e-06 5.3062226e-06 3.9703809e-05 ... 2.3670198e-05 1.6158767e-05
 1.0294380e-05]","[3.5290798e-06 5.1983056e-06 8.0772452e-06 ... 8.5456149e-06 4.1635070e-05
 4.2934815e-05]","[8.0271220e-06 2.0868734e-05 7.2657413e-06 ... 1.6555652e-05 6.1125320e-05
 2.0758662e-05]","[5.8523337e-06 2.1645346e-05 8.8147081e-06 ... 1.4701794e-05 1.5718937e-05
 2.4338486e-05]","[2.44667754e-05 2.60163051e-05 1.43306615e-05 ... 1.85643166e-05
 5.87475479e-05 3.03649649e-05]","[3.5354376e-06 2.7247894e-05 4.1159143e-05 ... 2.2784352e-05 9.0847214e-05
 1.8038299e-05]","[1.7421202e-06 1.4052293e-05 4.4617624e-05 ... 1.0762976e-05 4.8813657e-05
 8.1151029e-06]","[4.4097186e-07 4.3106306e-06 1.3025772e-05 ... 9.3271865e-06 2.1316007e-05
 2.0134387e-06]","[4.6638513e-07 2.4114074e-06 6.7251426e-06 ... 2.3076891e-05 2.1571939e-05
 8.2786619e-06]","[4.7714243e-06 4.6753571e-06 2.2295967e-06 ... 3.1589560e-05 1.8142035e-05
 1.5616475e-05]","[1.10839676e-06 2.33632863e-06 4.25751841e-06 ... 1.47732308e-05
 1.06989355e-05 2.00865975e-06]","[2.8710613e-07 1.4520559e-06 5.5141491e-06 ... 1.3131558e-05 1.0294479e-05
 6.3824523e-06]","[1.0810131e-06 2.4187655e-06 8.4576668e-06 ... 1.9043822e-05 2.5820520e-05
 5.7156490e-06]","[4.0670725e-06 1.6448555e-05 7.9541587e-06 ... 6.3284892e-06 1.7595812e-05
 7.8239245e-06]","[1.8242723e-05 2.8847517e-05 4.2815577e-06 ... 1.9496674e-05 4.3923174e-05
 9.1302236e-06]","[4.9740370e-06 1.4611736e-05 6.6149978e-06 ... 1.7656443e-05 3.8467639e-05
 3.8287297e-05]","[1.4334337e-05 3.1350126e-05 2.5262430e-05 ... 1.7054263e-05 1.3608921e-05
 2.8449656e-05]","[3.5303492e-06 1.0757710e-05 5.6802000e-06 ... 1.4088203e-05 3.5141111e-05
 1.9119008e-05]","[3.6176284e-06 4.2836177e-06 4.6256864e-06 ... 7.0945498e-06 9.3289927e-06
 2.6244379e-05]","[2.0256032e-06 9.7109787e-06 1.3398378e-05 ... 4.7098874e-06 7.7467139e-06
 2.0703063e-05]","[1.0466288e-06 1.3965708e-05 1.0064686e-05 ... 4.0410969e-06 7.8074199e-06
 1.3241319e-05]","[1.9713327e-06 1.3224821e-05 1.2608054e-05 ... 4.1879080e-06 9.9812069e-06
 1.0758361e-05]","[1.3246894e-06 9.5096789e-07 2.1844851e-06 ... 7.1466943e-06 4.7011886e-06
 3.8170328e-06]","[5.8227238e-07 2.8207023e-06 2.5122786e-06 ... 6.3699758e-06 7.3786682e-06
 3.9787551e-06]","[4.1531971e-06 3.8139601e-06 4.7391100e-06 ... 7.3562278e-06 7.6728957e-06
 1.1305379e-05]","[6.7996907e-06 4.4816693e-06 1.6687950e-06 ... 2.9591406e-06 7.5056860e-06
 1.8357821e-05]","[1.2025109e-06 3.5181124e-06 4.2585007e-06 ... 1.0138385e-05 1.9910515e-06
 1.6982325e-06]","[1.1072005e-06 4.6222995e-06 1.0173318e-05 ... 7.0228057e-06 7.5109356e-06
 1.3027830e-05]","[1.20443042e-06 5.53750806e-06 6.77137268e-06 ... 3.76301841e-06
 1.17240752e-05 1.51389595e-05]","[1.7652975e-06 4.2427109e-06 4.0051527e-06 ... 7.2672101e-06 1.9736010e-05
 1.9080704e-05]","[3.2515286e-06 3.1759330e-06 1.3767519e-06 ... 3.8139879e-06 9.6268941e-06
 1.1330882e-05]","[2.5518536e-06 8.0486179e-06 6.6268490e-06 ... 3.1173306e-06 8.1404096e-06
 3.3483425e-06]","[1.3087118e-06 6.0045477e-06 3.0620768e-06 ... 3.7535146e-06 8.9418263e-06
 8.5181125e-07]","[3.5118387e-06 9.2132668e-06 8.2250281e-06 ... 5.1709380e-06 9.2646023e-06
 2.6465577e-06]","[1.0530631e-06 4.6219329e-06 7.6085480e-06 ... 2.6584394e-06 9.4882489e-06
 1.4763237e-05]","[6.1779701e-07 5.8606236e-07 1.8227532e-06 ... 2.9552557e-06 1.1580244e-05
 1.4245122e-05]","[1.3986864e-06 1.7691668e-06 1.5321934e-06 ... 2.8950403e-06 4.6508981e-06
 6.5469972e-06]","[2.0177922e-06 2.9975431e-06 2.8264615e-06 ... 3.7411805e-06 5.9730514e-06
 7.5697790e-06]","[2.7464002e-06 3.7593961e-06 3.5013641e-06 ... 2.9939172e-06 5.2889673e-06
 5.7881707e-06]","[5.6693750e-07 3.3582173e-06 3.7944651e-06 ... 2.4945246e-06 2.6206783e-06
 1.3309206e-06]","[4.1480732e-07 2.0816349e-06 2.1771637e-06 ... 6.9564430e-06 1.3024140e-05
 3.5593512e-06]","[8.1464719e-07 3.9625820e-06 3.3297206e-06 ... 4.7135145e-06 9.8535529e-06
 5.1816360e-06]","[1.0064570e-06 1.8139177e-06 1.0796058e-06 ... 3.5120092e-06 1.1945248e-05
 6.1504338e-06]","[6.8166321e-07 1.4004573e-06 1.2167762e-06 ... 4.0568707e-06 1.5934951e-05
 3.7819595e-06]","[1.0398252e-06 1.2527186e-06 1.6639577e-06 ... 2.4326466e-06 7.1210466e-06
 3.0660728e-06]","[1.2629628e-06 2.4370022e-06 1.8678428e-06 ... 2.0988980e-06 3.7960961e-06
 3.1633183e-06]","[1.7400081e-06 2.1462081e-06 9.6103452e-07 ... 4.0970108e-06 2.7197309e-06
 4.7073790e-06]","[1.3660225e-06 1.8958436e-06 2.9185992e-06 ... 1.5022659e-06 1.4978715e-06
 8.4004648e-07]","[1.0775969e-06 1.5291877e-06 2.0913985e-06 ... 1.5450732e-06 2.4470708e-06
 7.6836159e-07]","[1.3915140e-06 2.5412844e-06 1.7694979e-06 ... 1.8574098e-06 5.8878841e-06
 1.8766855e-06]","[2.3920013e-06 2.5327363e-06 1.5368340e-06 ... 1.6694843e-06 5.0931858e-06
 2.7637095e-06]","[4.2149477e-06 2.9254320e-06 1.2103068e-06 ... 1.4799483e-06 1.2534712e-06
 4.6729986e-07]","[1.7445833e-06 2.2836700e-06 3.4404102e-06 ... 8.1595203e-07 1.3283167e-06
 1.2616456e-06]","[5.1610652e-07 1.0929922e-06 1.6376323e-06 ... 1.4486454e-06 2.4467947e-06
 1.4481376e-06]","[1.0514746e-06 9.1880844e-07 1.1599460e-06 ... 8.0066843e-07 1.3880341e-06
 1.1882091e-06]","[1.4832638e-06 1.7725547e-06 1.2752428e-06 ... 8.6368169e-07 1.3837664e-06
 1.0849183e-06]","[7.9313611e-07 9.1310585e-07 8.0965282e-07 ... 5.1702278e-07 1.2025222e-06
 1.2798185e-06]","[6.3457298e-07 9.3204375e-07 8.0366908e-07 ... 4.5548941e-07 1.0356300e-06
 3.5231992e-06]","[7.9202880e-07 1.1434189e-06 9.7895327e-07 ... 1.8769838e-06 1.0024881e-06
 3.3237809e-06]","[1.4006607e-06 1.3230340e-06 8.2171732e-07 ... 1.5274543e-06 8.2583892e-07
 1.8039678e-06]","[1.1317597e-06 2.2716636e-06 1.9791933e-06 ... 1.1868292e-06 1.6101717e-06
 7.1230306e-07]","[8.8146726e-07 1.4706900e-06 2.3542132e-06 ... 8.5915053e-07 1.0825755e-06
 7.4185743e-07]","[5.8132252e-07 5.1591530e-07 1.3024852e-06 ... 1.4420852e-06 1.4522118e-06
 1.4270394e-06]","[5.8174788e-07 7.8717710e-07 1.1382538e-06 ... 1.0178513e-06 1.1008344e-06
 1.3799189e-06]","[9.6709721e-07 9.2421300e-07 1.5126728e-06 ... 1.0891507e-06 7.5731475e-07
 5.5059314e-07]","[7.9239095e-07 2.7992346e-07 9.0129430e-07 ... 1.2492533e-06 2.1379035e-06
 1.7606714e-06]","[4.6008537e-07 6.8148483e-07 6.8738052e-07 ... 1.2838407e-06 2.6459672e-06
 1.3978664e-06]","[3.4933205e-07 5.7315299e-07 1.2622995e-06 ... 1.1208889e-06 1.0351990e-06
 5.5588117e-07]","[2.7575646e-07 3.4728077e-07 1.5115282e-06 ... 1.2598233e-06 1.2729130e-06
 1.5818118e-06]","[8.4241515e-07 9.7642896e-07 1.1034175e-06 ... 1.4340645e-06 8.8236902e-07
 1.0210546e-06]","[1.0126307e-06 1.6553513e-06 1.9566583e-06 ... 7.9332750e-07 1.6531408e-06
 1.8468569e-06]","[1.1135312e-06 5.8133151e-07 5.3842371e-07 ... 8.4341423e-07 2.0645289e-06
 8.0602803e-07]","[2.5284085e-06 2.5435058e-06 1.6476655e-06 ... 9.3208109e-07 1.6576091e-06
 7.6076560e-07]","[2.4000581e-06 2.6991911e-06 2.2611132e-06 ... 1.3024832e-06 8.8146140e-07
 1.1662410e-06]","[1.1610161e-06 1.2324158e-06 1.7122841e-06 ... 1.2927959e-06 1.1004547e-06
 2.2303725e-06]","[1.0206376e-06 1.9495030e-06 1.3197084e-06 ... 2.5303655e-06 1.7354055e-06
 1.2512460e-06]","[6.6091741e-07 1.4754743e-06 1.3452272e-06 ... 1.0661538e-06 1.8296492e-06
 2.4156936e-06]","[3.8889394e-07 8.9693276e-07 1.0320307e-06 ... 1.1166351e-06 2.5219124e-06
 1.5302065e-06]","[7.6435123e-07 8.2990323e-07 1.0352434e-06 ... 6.4654409e-07 1.9077950e-06
 1.8391330e-06]","[6.6535011e-07 4.4491605e-07 8.7731502e-07 ... 9.4726249e-07 1.6866403e-06
 1.2142171e-06]","[8.1351988e-07 5.8903913e-07 5.0068621e-07 ... 9.1181568e-07 2.0188484e-06
 1.6078037e-06]","[7.0142602e-07 7.5562792e-07 4.4811830e-07 ... 9.5740847e-07 1.1497056e-06
 1.1724959e-06]","[5.2774902e-07 6.1701206e-07 9.3938826e-07 ... 8.8719622e-07 1.1340341e-06
 1.4546022e-06]","[3.0298582e-07 3.6517386e-07 8.3852490e-07 ... 6.2838689e-07 6.0466931e-07
 6.0772595e-07]","[1.06189226e-07 6.32034656e-08 1.51067951e-07 ... 3.96502287e-07
 3.06669762e-07 5.78025151e-07]","[3.33200454e-08 1.31219533e-08 1.43330885e-08 ... 2.49033558e-08
 4.66773891e-08 1.86804968e-07]"
